identity_hate,insult,none,obscene,threat
0.0037784880082546973,0.01885132326134035,0.952401389171519,0.014503881420087909,0.0017550531394839597
